{
  "version": "v2.1.0",
  "feature_mode": "hog",
  "validation_accuracy": 0.3333333333333333,
  "cross_validated_accuracy": 0.3333333333333333,
  "cross_validation_scores": [
    0.3333333333333333,
    0.3333333333333333,
    0.16666666666666666,
    0.3333333333333333,
    0.5
  ],
  "evaluated_accuracy": 0.3333333333333333,
  "confusion_matrix": [
    [
      0,
      1,
      1
    ],
    [
      0,
      1,
      1
    ],
    [
      0,
      1,
      1
    ]
  ]
}